{
  "q_table": {
    "(2, 0, 1)": {
      "0": 1.006610644838747,
      "1": 0.936922002915538,
      "2": 1.0705949349969948,
      "3": 0.9119377541503961,
      "4": 0.5597858708849524
    },
    "(3, 0, 1)": {
      "0": 0.09529273065237598,
      "1": -0.642044427343547,
      "2": -0.6044594856242913,
      "3": -0.6022410810637326,
      "4": -0.36883707944309424
    },
    "(4, 0, 1)": {
      "0": 0.5610563395971776,
      "1": 0.5276372120833346,
      "2": 0.49855726452744964,
      "3": 0.5712305644869807,
      "4": 0.9316573255324178
    },
    "(1, 0, 1)": {
      "0": -0.9670820982306585,
      "1": -0.8532717534765086,
      "2": -0.8728880106263573,
      "3": -0.8767843674141496,
      "4": -0.8525523001976538
    },
    "(0, 0, 1)": {
      "0": -0.37502160246904787,
      "1": -0.26593179193263533,
      "2": 0.04399831204106734,
      "3": -0.29823346393021816,
      "4": -0.2776372133797603
    },
    "(0, 0, 3)": {
      "0": 0.0,
      "1": 0.0,
      "2": 0.0,
      "3": 0.0,
      "4": 0.42118098468179616
    },
    "(5, 0, 1)": {
      "0": 0.0,
      "1": 0.18943535893635555,
      "2": 0.0,
      "3": 0.0,
      "4": 0.7842169873488636
    }
  },
  "metadata": {
    "total_states": 7,
    "total_decisions": 657,
    "total_updates": 653,
    "exploration_rate": 0.05,
    "average_reward": -0.058336854465930524,
    "throughput_improvements": 20,
    "optimal_range_usage": 54,
    "timestamp": 1761974355.4803975
  }
}