{
  "q_table": {
    "(2, 0, 1)": {
      "0": -0.585965192099636,
      "1": 1.4581977012914362,
      "2": 0.6114909295660091,
      "3": 0.6104450623423979,
      "4": 0.47514655117823534
    },
    "(3, 0, 1)": {
      "0": -0.41967691899222526,
      "1": -0.22335860439244837,
      "2": -0.04943509233892057,
      "3": -0.1169071669784236,
      "4": -0.2895878434906032
    },
    "(4, 0, 1)": {
      "0": 0.03229591757324571,
      "1": 0.14321519139054922,
      "2": 0.10221752489444583,
      "3": 0.17022492941379422,
      "4": 0.13307006026268636
    },
    "(1, 0, 1)": {
      "0": -0.9670820982306585,
      "1": -0.8532717534765086,
      "2": 0.054744770209806115,
      "3": -0.8767843674141496,
      "4": 2.008412966845628
    },
    "(0, 0, 1)": {
      "0": -0.9217883176132663,
      "1": -0.9055851698664249,
      "2": -1.2543656082113879,
      "3": 1.3418227911064466,
      "4": -0.8185344091149265
    },
    "(0, 0, 3)": {
      "0": 0.0,
      "1": 0.0,
      "2": 0.0,
      "3": 0.0,
      "4": 1.127255410754003
    },
    "(5, 0, 1)": {
      "0": 0.0,
      "1": 0.18943535893635555,
      "2": 0.0,
      "3": 0.0,
      "4": 0.6772721202303544
    },
    "(2, 2, 1)": {
      "0": 0.0,
      "1": -0.1603569194791595,
      "2": 0.0,
      "3": 0.0,
      "4": 0.0
    },
    "(2, 3, 1)": {
      "0": 0.0,
      "1": 0.0,
      "2": 0.0,
      "3": 0.17146997073305545,
      "4": 0.0
    },
    "(4, 0, 2)": {
      "0": 0.0,
      "1": 0.0,
      "2": 0.0,
      "3": 0.0,
      "4": 0.0
    },
    "(4, 0, 3)": {
      "0": 0.19382041385292093,
      "1": 0.0,
      "2": 0.0,
      "3": 0.0,
      "4": 0.0
    },
    "(0, 0, 2)": {
      "0": 0.0,
      "1": 0.0,
      "2": 0.0,
      "3": 0.20525618863662506,
      "4": 0.0
    },
    "(0, 0, 4)": {
      "0": 0.0,
      "1": 0.19048984087146623,
      "2": 1.1675412664254687,
      "3": 0.0,
      "4": 0.0
    },
    "(2, 1, 1)": {
      "0": 0.4787377321574502,
      "1": 0.0,
      "2": 0.0,
      "3": -0.08474178000663285,
      "4": 0.0
    }
  },
  "metadata": {
    "total_states": 14,
    "total_decisions": 1881,
    "total_updates": 2266,
    "exploration_rate": 0.05,
    "average_reward": 0.0002688597878218526,
    "throughput_improvements": 8,
    "optimal_range_usage": 92,
    "timestamp": 1762107488.205627
  }
}