{
  "q_table": {
    "(2, 0, 1)": {
      "0": 1.2,
      "1": 1.5,
      "2": 1.5291164034262124,
      "3": 1.3,
      "4": 0.8
    },
    "(3, 0, 1)": {
      "0": 0.9624388250401943,
      "1": 0.9700545150658791,
      "2": 0.9314461779845848,
      "3": 0.959385124571179,
      "4": 0.8
    },
    "(4, 0, 1)": {
      "0": 0.8538554038906884,
      "1": 0.8499378822141305,
      "2": 0.8581879836800327,
      "3": 0.8175506761050823,
      "4": 0.8033512176440093
    }
  },
  "metadata": {
    "total_states": 3,
    "total_decisions": 200,
    "total_updates": 200,
    "exploration_rate": 0.11008734651784999,
    "average_reward": 0.008545692016406491,
    "throughput_improvements": 38,
    "optimal_range_usage": 76,
    "timestamp": 1761928100.2302167
  }
}