{
  "q_table": {
    "(2, 0, 1)": {
      "0": 1.2,
      "1": 1.5,
      "2": 1.5291164034262124,
      "3": 1.3,
      "4": 0.8
    },
    "(3, 0, 1)": {
      "0": 0.8699684696015882,
      "1": 0.8768524501977871,
      "2": 0.8775719962121342,
      "3": 0.8859872204176829,
      "4": 0.8
    },
    "(4, 0, 1)": {
      "0": 0.8538554038906884,
      "1": 0.8499378822141305,
      "2": 0.8581879836800327,
      "3": 0.8175506761050823,
      "4": 0.8033512176440093
    }
  },
  "metadata": {
    "total_states": 3,
    "total_decisions": 218,
    "total_updates": 217,
    "exploration_rate": 0.10058954814845135,
    "average_reward": 0.007929138605298888,
    "throughput_improvements": 38,
    "optimal_range_usage": 76,
    "timestamp": 1761928189.3595111
  }
}