{
  "q_table": {
    "(2, 0, 0)": {
      "0": -0.037878852163773374,
      "1": 0.1621951465171423,
      "2": 0.10114524191154256,
      "3": 0.10193928689089728,
      "4": 0.16026016654742928
    },
    "(3, 0, 0)": {
      "0": 0.04150386311904006,
      "1": 0.03348636846415652,
      "2": 0.030041481999999998,
      "3": -0.015370632340443396,
      "4": 0.09693227615107777
    },
    "(2, 0, 1)": {
      "0": 0.01934700554287333,
      "1": 0.2591294623029264,
      "2": 0.26343524376810207,
      "3": 0.25164166027299123,
      "4": 0.33958212399143484
    },
    "(0, 0, 0)": {
      "0": 0.3888467839124817,
      "1": 0.0,
      "2": 0.0,
      "3": 0.0,
      "4": 0.0
    },
    "(1, 0, 0)": {
      "0": 0.0,
      "1": 0.18548947217345152,
      "2": 0.5070570395258163,
      "3": 0.5762864110535489,
      "4": 0.38747266799785623
    }
  },
  "metadata": {
    "total_states": 5,
    "total_decisions": 352,
    "total_updates": 350,
    "exploration_rate": 0.1977017549619214,
    "average_reward": 0.017142857142857144,
    "timestamp": 1761898896.3483505
  }
}