{
  "q_table": {
    "(2, 0, 0)": {
      "0": 0.27781268906461976,
      "1": -1.2082688615810462,
      "2": -1.0448399238905126,
      "3": -0.5897205399810168,
      "4": -0.9308149799129852
    },
    "(2, 0, 1)": {
      "0": 0.0606438718675099,
      "1": -0.29774999999999996,
      "2": -0.4012036875,
      "3": -0.4192943821875,
      "4": -0.3958146872985308
    },
    "(1, 0, 0)": {
      "0": 0.0,
      "1": -0.11546955342527634,
      "2": 0.0,
      "3": 0.0,
      "4": 0.0
    },
    "(0, 0, 0)": {
      "0": -0.008799517406250013,
      "1": 0.0,
      "2": -0.12975,
      "3": 0.0,
      "4": -0.21368754637060208
    }
  },
  "metadata": {
    "total_states": 4,
    "total_decisions": 201,
    "total_updates": 199,
    "exploration_rate": 0.27130871473362184,
    "timestamp": 1761845823.5184278
  }
}