{
  "q_table": {
    "(2, 0, 0)": {
      "0": -0.11902324566018882,
      "1": -1.2082688615810462,
      "2": -1.1583760278381863,
      "3": -1.1258373643637103,
      "4": -1.2609554682545925
    },
    "(2, 0, 1)": {
      "0": -0.09350086974957542,
      "1": -0.29774999999999996,
      "2": -0.4012036875,
      "3": -0.4192943821875,
      "4": -0.3958146872985308
    },
    "(1, 0, 0)": {
      "0": 0.0,
      "1": -0.11546955342527634,
      "2": 0.0,
      "3": 0.0,
      "4": 0.0
    },
    "(0, 0, 0)": {
      "0": -0.008799517406250013,
      "1": 0.0,
      "2": -0.12975,
      "3": 0.0,
      "4": -0.21368754637060208
    }
  },
  "metadata": {
    "total_states": 4,
    "total_decisions": 155,
    "total_updates": 154,
    "exploration_rate": 0.27762272653287046,
    "timestamp": 1761843764.047137
  }
}