{
  "q_table": {
    "(2, 0, 0)": {
      "0": -0.037878852163773374,
      "1": -0.051968869042760185,
      "2": 0.10114524191154256,
      "3": 0.10193928689089728,
      "4": -0.03547725313004199
    },
    "(3, 0, 0)": {
      "0": 0.04150386311904006,
      "1": 0.03348636846415652,
      "2": 0.030041481999999998,
      "3": -0.015370632340443396,
      "4": 0.09693227615107777
    },
    "(2, 0, 1)": {
      "0": 0.260261595874876,
      "1": 0.07914730966238714,
      "2": 0.409931927208498,
      "3": 0.25164166027299123,
      "4": 0.12939466027169177
    },
    "(0, 0, 0)": {
      "0": 0.3888467839124817,
      "1": 0.0,
      "2": 0.0,
      "3": 0.0,
      "4": 0.0
    },
    "(1, 0, 0)": {
      "0": 0.0,
      "1": 0.18548947217345152,
      "2": 0.5070570395258163,
      "3": 0.5762864110535489,
      "4": 0.38747266799785623
    }
  },
  "metadata": {
    "total_states": 5,
    "total_decisions": 370,
    "total_updates": 367,
    "exploration_rate": 0.19070420428577942,
    "average_reward": 0.010899182561307902,
    "timestamp": 1761898987.8350956
  }
}